net-1	1024	576	video game concept art, third person view behind a small glowing cyan suited runner inside a vast digital network, Tron Legacy style, glossy black surfaces, thin continuous cyan light lines tracing smooth curved architecture, long narrow corridor with ramps and bridges going up, distant giant tower of light, deep fog, red security drone in distance, cinematic, no text
net-2	1024	576	video game concept art, third person view of a tiny glowing cyan figure in a towering cyberspace data cathedral, flowing ribbons of light like cables, smooth organic curved walls of dark glass with cyan neon seams, orange data streams, multiple levels and walkways, volumetric fog, red scanning laser grid of a firewall ahead, cinematic, no text
net-3	1024	576	video game concept art, third person view of a glowing cyan hacker avatar walking through a holographic wireframe circuit board world, corridors made of glowing cyan circuit traces and thin lines, translucent hologram panels, black void, red security camera cones sweeping the floor, minimalist, elegant, cinematic, no text
hero-1	768	1024	character concept art, full body, sleek anonymous man in a black tron style light suit with thin cyan glowing lines following the body contours, smooth helmet with glowing visor, athletic, front and side view, black background, video game character design sheet, no text
hero-2	768	1024	character concept art, full body, cyberpunk hacker avatar made of light, dark translucent body with glowing cyan circuitry veins, hooded silhouette, glowing eyes, digital glitch particles, black background, video game character design, no text
hero-3	768	1024	character concept art, full body, digital ghost of a tired office worker in a loose shirt and tie rendered as glowing cyan wireframe lines and hologram, slightly glitching, black background, video game character design, melancholic, no text
enemy-1	1024	576	video game enemy concept art sheet on black background, three cyberspace security units in Tron Legacy style: a hovering spherical drone with a red glowing ring and eye, a wall mounted security camera with a red light cone, a heavy turret robot on legs with red light lines, glossy black bodies with thin red neon lines, no text
enemy-2	1024	576	video game enemy concept art sheet on black background, three digital security programs: a jellyfish like floating drone made of red light filaments, an eye shaped sentinel camera made of red hologram rings, a crab like turret construct made of red wireframe, glitchy, menacing, no text
enemy-3	1024	576	video game enemy concept art sheet on black background, three corporate security robots, minimalist white and black with orange glowing lines, a sleek patrol drone, a ceiling camera pod with a sweeping beam, an armored turret, clean corporate design, cyberpunk, no text
office-1	1024	576	cinematic still, cramped tiny corporate cubicle office of a middle manager in a cyberpunk megacorporation, like Cyberpunk 2077 corpo start, cold blue and white lighting, holographic monitors, glass walls, one young subordinate at a desk, a stern boss in an expensive suit standing at the door, tense mood, photorealistic, no text
office-2	1024	576	cinematic still, oppressive cyberpunk corporate open space, rows of tiny glass cubicles, a middle manager sitting in his small cubicle, sterile white and steel, big corporate logo screens, neon accents, a boss entering, Blade Runner 2049 lighting, highly detailed, no text
office-3	1024	576	cinematic still, small cyberpunk office cubicle at night, warm desk lamp vs cold city lights through floor to ceiling window of a megacity, holographic screens with charts, coffee cups, a manager being fired by his boss, dramatic, Cyberpunk 2077 style, no text
room-1	1024	576	cinematic still, interior of a tiny squalid room in a futuristic junkyard slum, walls made of scrap metal and plastic sheets, tangles of cables, flickering old screens, a man seen from behind sitting in a worn chair, a translucent holographic tablet, food delivery boxes, warm and cyan light, melancholic but cozy, no text
room-2	1024	576	cinematic still, cyberpunk shack interior built from junk, corrugated metal, salvaged electronics, glowing jury rigged wires, a mattress, water bottles, a neural link headset on a crate, rain outside a small window with neon glow, a man sitting in a chair seen from behind, gritty, detailed, no text
room-3	1024	576	cinematic still, ugly cramped room made of garbage in a future wasteland, mismatched furniture, buzzing exposed electronics, broken neon sign, old CRT and new hologram devices, a lonely man sitting with his back to the camera, dim warm light, sad but alive, painterly, no text
